	Strain	Well	Plate	Media	Replicates	Compound	KEGG ID	CAS ID	Max Resp	Max Resp Rate	Time till max resp rate	AUC	Growth
0	ybaOALE	A01	PM01	M9 minimal media no C source	R1	Negative Control		CAS Negative Control	49.93424099999761	3.295846265119195	37.25	2150.860319021977	0.0
1	ybaOALE	A02	PM01	M9 minimal media no C source	R1	L-Arabinose	C00259	CAS 87-72-9	270.80359107361187	21.436368653844966	46.75	9365.557427633954	1.0
2	ybaOALE	A03	PM01	M9 minimal media no C source	R1	N-Acetyl-D-Glucosamine	C00140	CAS 7512-17-6	279.7373537547944	28.722349777484215	29.75	11383.947097691875	1.0
3	ybaOALE	A04	PM01	M9 minimal media no C source	R1	D-Saccharic acid	C00818	CAS 576-42-1	274.8867204757104	22.954815213215028	48.0	8093.756860639042	1.0
4	ybaOALE	A05	PM01	M9 minimal media no C source	R1	Succinic acid	C00042	CAS 6106-21-4	294.54066373328783	14.00484348076867	48.0	9083.06381932101	1.0
5	ybaOALE	A06	PM01	M9 minimal media no C source	R1	D-Galactose	C00124	CAS 59-23-4	260.52123789902606	29.471239136896997	31.5	9939.228276891115	1.0
6	ybaOALE	A07	PM01	M9 minimal media no C source	R1	L-Aspartic acid	C00049	CAS 3792-50-5	300.05990572731133	11.297196211537539	48.0	8413.816062995451	1.0
7	ybaOALE	A08	PM01	M9 minimal media no C source	R1	L-Proline	C00148	CAS 147-85-3	252.26101919542378	14.298258269230018	48.0	4057.5864920421445	1.0
8	ybaOALE	A09	PM01	M9 minimal media no C source	R1	D-Alanine	C00133	CAS 338-69-2	263.7941512708953	10.83444774999947	48.0	7640.641950316507	1.0
9	ybaOALE	A10	PM01	M9 minimal media no C source	R1	D-Trehalose	C01083	CAS 6138-23-4	227.7200215047969	28.197046684300744	30.5	9234.814234955262	1.0
10	ybaOALE	A11	PM01	M9 minimal media no C source	R1	D-Mannose	C00159	CAS 3458-28-4	274.5824637451793	24.66194073200836	30.75	11094.119667213516	1.0
11	ybaOALE	A12	PM01	M9 minimal media no C source	R1	Dulcitol	C01697	CAS 608-66-2	249.4689681394113	32.41372966923507	28.25	9904.304270717144	1.0
12	ybaOALE	B01	PM01	M9 minimal media no C source	R1	D-Serine	C00740	CAS 312-84-5	268.71139179544076	28.186817798373454	48.0	9739.057722192118	1.0
13	ybaOALE	B02	PM01	M9 minimal media no C source	R1	D-Sorbitol	C00794	CAS 50-70-4	197.91755663941368	27.048393210596203	22.75	8119.291220393034	1.0
14	ybaOALE	B03	PM01	M9 minimal media no C source	R1	Glycerol	C00116	CAS 56-81-5	221.91335218034854	28.305043512196107	46.0	8459.0808315691	1.0
15	ybaOALE	B04	PM01	M9 minimal media no C source	R1	L-Fucose	C01019	CAS 2438-80-4	280.2903786971021	23.53599919230669	30.25	10471.705061311808	1.0
16	ybaOALE	B05	PM01	M9 minimal media no C source	R1	D-Glucuronic acid	C00191	CAS 14984-34-0	283.6959598076788	39.61050656650389	26.25	11199.56082136095	1.0
17	ybaOALE	B06	PM01	M9 minimal media no C source	R1	D-Gluconic acid	C00257	CAS 527-07-1	264.4882181651085	37.82068941015871	47.75	10486.8014155222	1.0
18	ybaOALE	B07	PM01	M9 minimal media no C source	R1	DL-a-Glycerol Phosphate	C00093	CAS 3325-00-6	238.44320249998862	40.00926468985057	24.5	9058.05101504456	1.0
19	ybaOALE	B08	PM01	M9 minimal media no C source	R1	D-Xylose	C00181	CAS 58-86-6	264.2660938124875	23.763857364072408	28.5	10580.60385600432	1.0
20	ybaOALE	B09	PM01	M9 minimal media no C source	R1	L-Lactic acid	C00186	CAS 50-21-5	242.96373655835365	21.58913444938949	48.0	8724.120877897763	1.0
21	ybaOALE	B10	PM01	M9 minimal media no C source	R1	Formic acid	C00058	CAS 141-53-7	31.538574519229275	1.9900142692306986	26.25	1266.1425819211545	0.0
22	ybaOALE	B11	PM01	M9 minimal media no C source	R1	D-Mannitol	C00392	CAS 69-65-8	237.54630919229635	22.72122081120401	34.0	9400.87574025993	1.0
23	ybaOALE	B12	PM01	M9 minimal media no C source	R1	L-Glutamic acid	C00025	CAS 142-47-2	109.87199995166722	7.724736567092975	47.75	2411.7310020891473	0.0
24	ybaOALE	C01	PM01	M9 minimal media no C source	R1	D-Glucose-6-Phosphate	C00092	CAS 3671-99-6	245.25985909508225	31.630375681876103	46.75	9682.688158040266	1.0
25	ybaOALE	C02	PM01	M9 minimal media no C source	R1	D-Galactonic acid-g-Lactone	C03383	CAS 2782-07-2	229.43944608171984	17.174798362791392	31.0	8270.658215091744	1.0
26	ybaOALE	C03	PM01	M9 minimal media no C source	R1	DL-Malic acid	D04843	CAS 6915-15-7	283.17670550192076	12.60145087579096	48.0	7951.330378014761	1.0
27	ybaOALE	C04	PM01	M9 minimal media no C source	R1	D-Ribose	C00121	CAS 50-69-1	223.97015129892446	11.678670316512182	47.5	8064.116534847002	1.0
28	ybaOALE	C05	PM01	M9 minimal media no C source	R1	Tween 20	C11624	CAS 9005-64-5	41.01462777403651	4.98255997969558	40.25	1627.0362437350655	0.0
29	ybaOALE	C06	PM01	M9 minimal media no C source	R1	L-Rhamnose	C00507	CAS 3615-41-6	273.8523871189274	13.72713811538398	48.0	7098.219526239095	1.0
30	ybaOALE	C07	PM01	M9 minimal media no C source	R1	D-Fructose	C00095	CAS 57-48-7	248.67452423075744	22.022845473669918	34.75	9603.67394320406	1.0
31	ybaOALE	C08	PM01	M9 minimal media no C source	R1	Acetic acid	C00033	CAS 127-09-3	211.9296278336891	9.83394073076866	48.0	5615.569385791749	1.0
32	ybaOALE	C09	PM01	M9 minimal media no C source	R1	a-D-Glucose	C00031	CAS 50-99-7	279.04855948556366	33.040034404232586	30.0	11258.11933936896	1.0
33	ybaOALE	C10	PM01	M9 minimal media no C source	R1	Maltose	C00208	CAS 6363-53-7	239.62707153364238	29.33245786862642	40.75	9177.370436342657	1.0
34	ybaOALE	C11	PM01	M9 minimal media no C source	R1	D-Melibiose	C05402	CAS 585-99-9	245.16581313037116	18.8189991346145	44.25	7191.334346253125	1.0
35	ybaOALE	C12	PM01	M9 minimal media no C source	R1	Thymidine	C00214	CAS 50-89-5	199.4454929268333	22.869667288036567	48.0	7552.216699851096	1.0
36	ybaOALE	D01	PM01	M9 minimal media no C source	R1	L-Asparagine	C00152	CAS 70-47-3	303.70917186169186	17.39490663461453	48.0	8496.564106826554	1.0
37	ybaOALE	D02	PM01	M9 minimal media no C source	R1	D-Aspartic acid	C00402	CAS 1783-96-6	21.392151802883593	1.4883787055244824	36.75	877.3166374964585	0.0
38	ybaOALE	D03	PM01	M9 minimal media no C source	R1	D-Glucosaminic acid	C03752	CAS 3646-68-2	31.354265929138524	2.869127833640235	48.0	1293.3316195209723	0.0
39	ybaOALE	D04	PM01	M9 minimal media no C source	R1	1,2-Propanediol	C00583	CAS 57-55-6	27.34561659134485	2.004500461538356	31.5	1087.5734420494587	0.0
40	ybaOALE	D05	PM01	M9 minimal media no C source	R1	Tween 40	D05566	CAS 9005-66-7	41.62845537949286	4.776395580346652	48.0	1637.3855562919248	0.0
41	ybaOALE	D06	PM01	M9 minimal media no C source	R1	a-Ketoglutaric acid	C00026	CAS 22202-68-2	290.89784786753165	17.275554132438884	45.75	9436.769006399445	1.0
42	ybaOALE	D07	PM01	M9 minimal media no C source	R1	a-Ketobutyric acid	C00109	CAS 2013-26-5	125.63828678118318	8.509296769230389	48.0	3221.17661663643	1.0
43	ybaOALE	D08	PM01	M9 minimal media no C source	R1	a-Methyl-D-Galactoside		CAS 3396-99-4	249.81506803844962	27.191504028743054	35.25	9063.31580743903	1.0
44	ybaOALE	D09	PM01	M9 minimal media no C source	R1	a-D-Lactose	C00243	CAS 5989-81-1	231.48563775479658	16.860518980768347	35.25	7330.525351925441	1.0
45	ybaOALE	D10	PM01	M9 minimal media no C source	R1	Lactulose	C07064	CAS 4618-18-2	37.04335451857562	3.347352161299412	43.75	1466.327965167584	0.0
46	ybaOALE	D11	PM01	M9 minimal media no C source	R1	Sucrose	C00089	CAS 57-50-1	33.460096281961974	2.5015373846152897	44.0	1341.281701945737	0.0
47	ybaOALE	D12	PM01	M9 minimal media no C source	R1	Uridine	C00299	CAS 58-96-8	249.045905245377	21.790150482447302	44.75	9521.799538273539	1.0
48	ybaOALE	E01	PM01	M9 minimal media no C source	R1	L-Glutamine	C00064	CAS 56-85-9	238.85537839904362	9.309678057692054	48.0	4390.789491644414	1.0
49	ybaOALE	E02	PM01	M9 minimal media no C source	R1	m-Tartaric acid	C00552	CAS 147-73-9	174.8163204388286	8.443530057691902	48.0	3579.1456069687656	1.0
50	ybaOALE	E03	PM01	M9 minimal media no C source	R1	D-Glucose-1-Phosphate	C00103	CAS 56401-20-8	266.9373349807566	29.40323380110999	38.0	10305.369705364143	1.0
51	ybaOALE	E04	PM01	M9 minimal media no C source	R1	D-Fructose-6-Phosphate	C00085	CAS 26177-86-6	290.9313713003681	37.05538376000982	45.0	10965.795338726522	1.0
52	ybaOALE	E05	PM01	M9 minimal media no C source	R1	Tween 80	C11625	CAS 9005-65-6	34.44828780841797	3.716086728627836	48.0	1376.683709609426	0.0
53	ybaOALE	E06	PM01	M9 minimal media no C source	R1	a-Hydroxyglutaric acid-g-Lactone		CAS 21461-84-7	26.876017026551686	2.008377749999916	48.0	1058.3379056096885	0.0
54	ybaOALE	E07	PM01	M9 minimal media no C source	R1	a-Hydroxybutyric acid	C05984	CAS 19054-57-0	73.79731569777162	3.6680500705825665	48.0	2230.9846045971353	0.0
55	ybaOALE	E08	PM01	M9 minimal media no C source	R1	b-Methyl-D-Glucoside		CAS 709-50-2	222.4581437280849	24.649586066177847	45.5	7996.767366498518	1.0
56	ybaOALE	E09	PM01	M9 minimal media no C source	R1	Adonitol	C00474	CAS 488-81-3	32.43037775961383	2.7649372611807763	31.25	1286.151690311392	0.0
57	ybaOALE	E10	PM01	M9 minimal media no C source	R1	Maltotriose	C01835	CAS 1109-28-0	273.15381635575625	29.61413757483831	32.25	11107.419955934107	1.0
58	ybaOALE	E11	PM01	M9 minimal media no C source	R1	2`-Deoxyadenosine	C00559	CAS 16373-93-6	223.39199539741247	18.747150719584937	46.0	8152.4939030537025	1.0
59	ybaOALE	E12	PM01	M9 minimal media no C source	R1	Adenosine	C00212	CAS 58-61-7	202.44243090309897	32.01264229213541	48.0	7172.458737788408	1.0
60	ybaOALE	F01	PM01	M9 minimal media no C source	R1	Gly-Asp	C02871	CAS 4685-12-5	288.0003507968919	15.620632634614594	48.0	9363.548296597934	1.0
61	ybaOALE	F02	PM01	M9 minimal media no C source	R1	Citric acid	C00158	CAS 6132-04-3	20.59144985096056	1.5591227687258566	29.5	860.2889873198899	0.0
62	ybaOALE	F03	PM01	M9 minimal media no C source	R1	m-Inositol	C00137	CAS 87-89-8	23.7260185480758	1.864523730769136	31.75	970.3479548321454	0.0
63	ybaOALE	F04	PM01	M9 minimal media no C source	R1	D-Threonine	C00820	CAS 632-20-2	38.03710188461357	2.969886538461381	27.0	1364.0988094030863	0.0
64	ybaOALE	F05	PM01	M9 minimal media no C source	R1	Fumaric acid	C00122	CAS 17013-01-3	292.18170669922284	12.677262016991165	48.0	8353.252071837984	1.0
65	ybaOALE	F06	PM01	M9 minimal media no C source	R1	Bromosuccinic acid		CAS 923-06-8	265.26438799835034	9.112619615383664	47.0	6925.018223545427	1.0
66	ybaOALE	F07	PM01	M9 minimal media no C source	R1	Propionic acid	C00163	CAS 137-40-6	26.02783789125232	1.2649811923076584	47.25	815.4511501119127	0.0
67	ybaOALE	F08	PM01	M9 minimal media no C source	R1	Mucic acid	C01807	CAS 526-99-8	280.13036941449656	29.29346609138156	48.0	9939.084309377811	1.0
68	ybaOALE	F09	PM01	M9 minimal media no C source	R1	Glycolic acid	C00160	CAS 79-14-1	31.54528273827769	2.2204453683735466	46.0	1219.412577715257	0.0
69	ybaOALE	F10	PM01	M9 minimal media no C source	R1	Glyoxylic acid	C00048	CAS 563-96-2	79.41332236967466	3.6910943269228937	48.0	2423.1944565856375	0.0
70	ybaOALE	F11	PM01	M9 minimal media no C source	R1	D-Cellobiose	C00185	CAS 528-50-7	35.436003236121635	3.1972569797299	42.75	1482.2867761810003	0.0
71	ybaOALE	F12	PM01	M9 minimal media no C source	R1	Inosine	C00294	CAS 58-63-9	259.88515711537224	31.640904916633986	39.25	10171.741411913354	1.0
72	ybaOALE	G01	PM01	M9 minimal media no C source	R1	Gly-Glu		CAS 7412-78-4	299.69770731337917	18.479788098774662	46.75	9814.716690822419	1.0
73	ybaOALE	G02	PM01	M9 minimal media no C source	R1	Tricarballylic acid		CAS 99-14-9	22.915987298075837	1.9064503461537612	35.75	945.5323268320567	0.0
74	ybaOALE	G03	PM01	M9 minimal media no C source	R1	L-Serine	C00065	CAS 56-45-1	175.27202413070435	26.846606867679725	45.25	6602.154561468377	1.0
75	ybaOALE	G04	PM01	M9 minimal media no C source	R1	L-Threonine	C00188	CAS 72-19-5	173.6205903846071	12.396419865383962	31.25	6078.248363004018	1.0
76	ybaOALE	G05	PM01	M9 minimal media no C source	R1	L-Alanine	C00041	CAS 56-41-7	233.47622365986484	8.120622057691946	48.0	5889.513468586221	1.0
77	ybaOALE	G06	PM01	M9 minimal media no C source	R1	Ala-Gly	notavailable	CAS 687-69-4	243.8374308120729	8.925780249999633	47.25	6425.933724795511	1.0
78	ybaOALE	G07	PM01	M9 minimal media no C source	R1	Acetoacetic acid	C00164	CAS 3483-11-2	22.60502580288354	2.0687829038460563	15.0	893.9836302969345	0.0
79	ybaOALE	G08	PM01	M9 minimal media no C source	R1	N-Acetyl-D-Mannosamine	C00645	CAS 7772-94-3	211.15362399965818	10.364523307692082	48.0	5759.277731714183	1.0
80	ybaOALE	G09	PM01	M9 minimal media no C source	R1	Mono-Methylsuccinate		CAS 3878-55-5	56.209776347746754	9.643732233523025	44.5	2350.3566740414212	0.0
81	ybaOALE	G10	PM01	M9 minimal media no C source	R1	Methylpyruvate		CAS 600-22-6	200.10443179806737	26.560301385501873	41.5	7900.986234117333	1.0
82	ybaOALE	G11	PM01	M9 minimal media no C source	R1	D-Malic acid	C00497	CAS 636-61-3	267.50386347203937	8.569047096153326	48.0	6203.537618642838	1.0
83	ybaOALE	G12	PM01	M9 minimal media no C source	R1	L-Malic acid	C00149	CAS 138-09-0	264.7408046907464	9.097314730768858	46.75	7324.048221130898	1.0
84	ybaOALE	H01	PM01	M9 minimal media no C source	R1	Gly-Pro		CAS 704-15-4	314.75833175677093	16.486241004594262	47.5	10053.434249064423	1.0
85	ybaOALE	H02	PM01	M9 minimal media no C source	R1	p-Hydroxyphenyl Acetic acid	C00642	CAS 156-38-7	34.29329480288299	3.483223298546477	26.25	1475.099450354882	0.0
86	ybaOALE	H03	PM01	M9 minimal media no C source	R1	m-Hydroxyphenyl Acetic acid	C05593	CAS 621-37-4	21.48680707692205	2.084883387130354	29.75	902.3803331510619	0.0
87	ybaOALE	H04	PM01	M9 minimal media no C source	R1	Tyramine	C00483	CAS 60-19-5	19.60236382211446	1.2485345384614703	30.75	809.8034343121358	0.0
88	ybaOALE	H05	PM01	M9 minimal media no C source	R1	D-Psicose	C06468	CAS 551-68-8	59.667046283651004	18.269699172835967	20.25	2633.365558946346	0.0
89	ybaOALE	H06	PM01	M9 minimal media no C source	R1	L-Lyxose	C01508	CAS 1949-78-6	260.82635845061014	9.978276519230462	48.0	6367.814679986957	1.0
90	ybaOALE	H07	PM01	M9 minimal media no C source	R1	Glucuronamide	D01791	CAS 3789-97-7	53.6307585974836	2.873792656905863	47.0	1685.869655823683	0.0
91	ybaOALE	H08	PM01	M9 minimal media no C source	R1	Pyruvic acid	C00022	CAS 113-24-6	269.4661110434557	18.400229666448922	48.0	8769.471495090178	1.0
92	ybaOALE	H09	PM01	M9 minimal media no C source	R1	L-Galactonic acid-g-Lactone	C01115	CAS 1668-08-2	270.59735287936473	30.317103443173238	48.0	8745.95675804431	1.0
93	ybaOALE	H10	PM01	M9 minimal media no C source	R1	D-Galacturonic acid	C00333	CAS 91510-62-2	220.5422714904806	31.67634569204222	48.0	7889.9460631946895	1.0
94	ybaOALE	H11	PM01	M9 minimal media no C source	R1	Phenylethylamine	C05332	CAS 156-28-5	22.63968167788353	5.425042343811235	30.0	1007.3026683685616	0.0
95	ybaOALE	H12	PM01	M9 minimal media no C source	R1	2-Aminoethanol	C00189	CAS 2002-24-6	31.35797447115235	1.61218651923069	41.5	1363.386968085518	0.0
96	zntR	A01	PM01	M9 minimal media no C source	R1	Negative Control		CAS Negative Control	76.83707286604626	10.070696603425105	48.0	3198.4288701117266	0.0
97	zntR	A02	PM01	M9 minimal media no C source	R1	L-Arabinose	C00259	CAS 87-72-9	317.21981294767517	20.923940461537654	43.25	11766.550880493589	1.0
98	zntR	A03	PM01	M9 minimal media no C source	R1	N-Acetyl-D-Glucosamine	C00140	CAS 7512-17-6	288.76538762979385	30.5559365905316	32.75	11577.519388545148	1.0
99	zntR	A04	PM01	M9 minimal media no C source	R1	D-Saccharic acid	C00818	CAS 576-42-1	267.18929842055826	21.70480482151538	48.0	9784.554690703859	1.0
100	zntR	A05	PM01	M9 minimal media no C source	R1	Succinic acid	C00042	CAS 6106-21-4	287.0289077145051	28.84265995609985	48.0	10875.54394929792	1.0
101	zntR	A06	PM01	M9 minimal media no C source	R1	D-Galactose	C00124	CAS 59-23-4	234.8063826357339	26.691042002278664	45.0	9575.698832997143	1.0
102	zntR	A07	PM01	M9 minimal media no C source	R1	L-Aspartic acid	C00049	CAS 3792-50-5	286.7057906459486	18.269496643894172	48.0	10170.970599447199	1.0
103	zntR	A08	PM01	M9 minimal media no C source	R1	L-Proline	C00148	CAS 147-85-3	236.14749224595423	21.807274232816415	45.0	7355.97689528459	1.0
104	zntR	A09	PM01	M9 minimal media no C source	R1	D-Alanine	C00133	CAS 338-69-2	253.83229630598476	21.816162639314037	48.0	9894.339866889382	1.0
105	zntR	A10	PM01	M9 minimal media no C source	R1	D-Trehalose	C01083	CAS 6138-23-4	255.66501042306467	28.336341750212227	31.5	10484.826906253174	1.0
106	zntR	A11	PM01	M9 minimal media no C source	R1	D-Mannose	C00159	CAS 3458-28-4	272.11566956729473	32.16992105158431	31.0	11088.028654555377	1.0
107	zntR	A12	PM01	M9 minimal media no C source	R1	Dulcitol	C01697	CAS 608-66-2	258.86243985417883	32.87232484974993	48.0	10772.93606993465	1.0
108	zntR	B01	PM01	M9 minimal media no C source	R1	D-Serine	C00740	CAS 312-84-5	247.30397769781803	40.64275550006355	46.25	10398.63241001203	1.0
109	zntR	B02	PM01	M9 minimal media no C source	R1	D-Sorbitol	C00794	CAS 50-70-4	241.50117528845	28.254572225715265	33.25	9777.417875900182	1.0
110	zntR	B03	PM01	M9 minimal media no C source	R1	Glycerol	C00116	CAS 56-81-5	236.24321247127125	32.26073111060282	48.0	9665.095573919823	1.0
111	zntR	B04	PM01	M9 minimal media no C source	R1	L-Fucose	C01019	CAS 2438-80-4	267.9769651009488	31.223968396810015	29.5	10720.557322040619	1.0
112	zntR	B05	PM01	M9 minimal media no C source	R1	D-Glucuronic acid	C00191	CAS 14984-34-0	299.4505169177062	46.26354745454694	45.5	12289.305572019352	1.0
113	zntR	B06	PM01	M9 minimal media no C source	R1	D-Gluconic acid	C00257	CAS 527-07-1	284.3969702163326	47.11702271830586	21.0	11703.01446179879	1.0
114	zntR	B07	PM01	M9 minimal media no C source	R1	DL-a-Glycerol Phosphate	C00093	CAS 3325-00-6	254.6711563413341	34.20656664631315	28.5	10399.671867938081	1.0
115	zntR	B08	PM01	M9 minimal media no C source	R1	D-Xylose	C00181	CAS 58-86-6	304.31478390383177	28.351665528446404	26.75	12947.501681740418	1.0
116	zntR	B09	PM01	M9 minimal media no C source	R1	L-Lactic acid	C00186	CAS 50-21-5	235.1810803124888	32.81449170122937	18.75	9874.934146025193	1.0
117	zntR	B10	PM01	M9 minimal media no C source	R1	Formic acid	C00058	CAS 141-53-7	78.66778224999622	11.48238081127369	15.75	3275.75089193356	0.0
118	zntR	B11	PM01	M9 minimal media no C source	R1	D-Mannitol	C00392	CAS 69-65-8	266.1154164663334	23.349313659722164	32.5	10506.887990587406	1.0
119	zntR	B12	PM01	M9 minimal media no C source	R1	L-Glutamic acid	C00025	CAS 142-47-2	72.49047421838975	18.61512740164855	48.0	2966.886153420181	0.0
120	zntR	C01	PM01	M9 minimal media no C source	R1	D-Glucose-6-Phosphate	C00092	CAS 3671-99-6	285.44010383700015	45.17301872524354	45.25	11938.06969810963	1.0
121	zntR	C02	PM01	M9 minimal media no C source	R1	D-Galactonic acid-g-Lactone	C03383	CAS 2782-07-2	274.45305963941007	22.130972814051574	30.5	10395.057742672569	1.0
122	zntR	C03	PM01	M9 minimal media no C source	R1	DL-Malic acid	D04843	CAS 6915-15-7	280.88554915332855	29.65312762978192	44.0	10573.829612184827	1.0
123	zntR	C04	PM01	M9 minimal media no C source	R1	D-Ribose	C00121	CAS 50-69-1	259.91160572013973	31.67638399754668	48.0	10997.998383026137	1.0
124	zntR	C05	PM01	M9 minimal media no C source	R1	Tween 20	C11624	CAS 9005-64-5	225.64356675420458	15.369997456241208	48.0	7582.498849435741	1.0
125	zntR	C06	PM01	M9 minimal media no C source	R1	L-Rhamnose	C00507	CAS 3615-41-6	247.7273690475314	14.020535999999595	47.25	6851.646284686598	1.0
126	zntR	C07	PM01	M9 minimal media no C source	R1	D-Fructose	C00095	CAS 57-48-7	277.62584056729446	26.70578088828558	34.25	10770.01276244553	1.0
127	zntR	C08	PM01	M9 minimal media no C source	R1	Acetic acid	C00033	CAS 127-09-3	238.0178747596041	26.892291379876553	32.5	8943.160630946706	1.0
128	zntR	C09	PM01	M9 minimal media no C source	R1	a-D-Glucose	C00031	CAS 50-99-7	287.43557956248634	34.689525258756305	32.75	11621.65600438861	1.0
129	zntR	C10	PM01	M9 minimal media no C source	R1	Maltose	C00208	CAS 6363-53-7	250.17389373482436	31.326564079792774	48.0	9868.168412502684	1.0
130	zntR	C11	PM01	M9 minimal media no C source	R1	D-Melibiose	C05402	CAS 585-99-9	233.04394916793296	21.67502619465739	48.0	7955.4815340662135	1.0
131	zntR	C12	PM01	M9 minimal media no C source	R1	Thymidine	C00214	CAS 50-89-5	248.07173785469126	28.74773297639581	48.0	10299.195232157757	1.0
132	zntR	D01	PM01	M9 minimal media no C source	R1	L-Asparagine	C00152	CAS 70-47-3	284.09920795648634	17.167900683315352	46.5	8757.260621809972	1.0
133	zntR	D02	PM01	M9 minimal media no C source	R1	D-Aspartic acid	C00402	CAS 1783-96-6	32.499641763169116	2.811784430019287	48.0	1259.9085835786796	0.0
134	zntR	D03	PM01	M9 minimal media no C source	R1	D-Glucosaminic acid	C03752	CAS 3646-68-2	71.10650615384277	13.052734035129244	17.75	2960.813288868778	0.0
135	zntR	D04	PM01	M9 minimal media no C source	R1	1,2-Propanediol	C00583	CAS 57-55-6	50.865379745189905	10.32661646598839	31.75	2178.6777373821365	0.0
136	zntR	D05	PM01	M9 minimal media no C source	R1	Tween 40	D05566	CAS 9005-66-7	144.52739048817537	10.95621435049487	48.0	4134.796764123733	1.0
137	zntR	D06	PM01	M9 minimal media no C source	R1	a-Ketoglutaric acid	C00026	CAS 22202-68-2	290.7523648515669	30.54546090738529	46.25	11022.902335472794	1.0
138	zntR	D07	PM01	M9 minimal media no C source	R1	a-Ketobutyric acid	C00109	CAS 2013-26-5	165.11719733526846	23.73231445455673	48.0	6169.177100269746	1.0
139	zntR	D08	PM01	M9 minimal media no C source	R1	a-Methyl-D-Galactoside		CAS 3396-99-4	247.4294607919404	32.267870908830844	48.0	9478.91779449659	1.0
140	zntR	D09	PM01	M9 minimal media no C source	R1	a-D-Lactose	C00243	CAS 5989-81-1	239.97560405361543	19.756454788460815	48.0	8465.815484130144	1.0
141	zntR	D10	PM01	M9 minimal media no C source	R1	Lactulose	C07064	CAS 4618-18-2	65.46650731249689	14.53620358652599	18.5	2830.3789396869843	0.0
142	zntR	D11	PM01	M9 minimal media no C source	R1	Sucrose	C00089	CAS 57-50-1	66.66745309860829	13.453862225993397	48.0	2795.8442639375107	0.0
143	zntR	D12	PM01	M9 minimal media no C source	R1	Uridine	C00299	CAS 58-96-8	251.89680912148876	35.64056042067328	48.0	10204.966752474806	1.0
144	zntR	E01	PM01	M9 minimal media no C source	R1	L-Glutamine	C00064	CAS 56-85-9	220.3258048588748	18.7517523768636	48.0	4956.8043684011345	1.0
145	zntR	E02	PM01	M9 minimal media no C source	R1	m-Tartaric acid	C00552	CAS 147-73-9	218.03439078397952	14.101197316323692	45.0	6751.80826717147	1.0
146	zntR	E03	PM01	M9 minimal media no C source	R1	D-Glucose-1-Phosphate	C00103	CAS 56401-20-8	293.8250324747241	32.147934070504675	42.75	11633.107274715789	1.0
147	zntR	E04	PM01	M9 minimal media no C source	R1	D-Fructose-6-Phosphate	C00085	CAS 26177-86-6	307.89502502402377	43.21984106902164	37.75	12433.071726612976	1.0
148	zntR	E05	PM01	M9 minimal media no C source	R1	Tween 80	C11625	CAS 9005-65-6	113.64645235481932	9.192196286630733	48.0	3501.427472883619	0.0
149	zntR	E06	PM01	M9 minimal media no C source	R1	a-Hydroxyglutaric acid-g-Lactone		CAS 21461-84-7	67.73123811014915	10.393533181098235	46.75	2732.1665555858362	0.0
150	zntR	E07	PM01	M9 minimal media no C source	R1	a-Hydroxybutyric acid	C05984	CAS 19054-57-0	279.3958441034745	32.013463385809075	48.0	10564.675999811569	1.0
151	zntR	E08	PM01	M9 minimal media no C source	R1	b-Methyl-D-Glucoside		CAS 709-50-2	225.62831746538006	24.28863860361963	48.0	8154.513937504915	1.0
152	zntR	E09	PM01	M9 minimal media no C source	R1	Adonitol	C00474	CAS 488-81-3	57.92509216255436	8.463040623622422	48.0	2365.0588850716513	0.0
153	zntR	E10	PM01	M9 minimal media no C source	R1	Maltotriose	C01835	CAS 1109-28-0	277.164278778833	31.693252738331836	34.5	11355.72902056846	1.0
154	zntR	E11	PM01	M9 minimal media no C source	R1	2`-Deoxyadenosine	C00559	CAS 16373-93-6	253.74099182754188	34.81773545606109	48.0	10182.166805609118	1.0
155	zntR	E12	PM01	M9 minimal media no C source	R1	Adenosine	C00212	CAS 58-61-7	227.9391150260392	38.613842732673845	48.0	9357.994383655008	1.0
156	zntR	F01	PM01	M9 minimal media no C source	R1	Gly-Asp	C02871	CAS 4685-12-5	251.38788972635547	15.008367951515368	44.75	8897.787789947723	1.0
157	zntR	F02	PM01	M9 minimal media no C source	R1	Citric acid	C00158	CAS 6132-04-3	40.11465899999809	10.91830174573164	7.0	1734.2347040779346	0.0
158	zntR	F03	PM01	M9 minimal media no C source	R1	m-Inositol	C00137	CAS 87-89-8	43.517687687497926	7.686427460435528	14.75	1903.5442223263244	0.0
159	zntR	F04	PM01	M9 minimal media no C source	R1	D-Threonine	C00820	CAS 632-20-2	136.63128962793468	9.44685555135979	48.0	4931.538065079808	1.0
160	zntR	F05	PM01	M9 minimal media no C source	R1	Fumaric acid	C00122	CAS 17013-01-3	283.630634712395	26.446943042364126	47.5	10065.300236389743	1.0
161	zntR	F06	PM01	M9 minimal media no C source	R1	Bromosuccinic acid		CAS 923-06-8	273.0085272746519	24.21808781065164	48.0	9623.595886258901	1.0
162	zntR	F07	PM01	M9 minimal media no C source	R1	Propionic acid	C00163	CAS 137-40-6	264.06914958666346	23.30883068446593	46.0	9064.37212619433	1.0
163	zntR	F08	PM01	M9 minimal media no C source	R1	Mucic acid	C01807	CAS 526-99-8	306.3878710474993	44.49352644833709	44.75	12297.93658094223	1.0
164	zntR	F09	PM01	M9 minimal media no C source	R1	Glycolic acid	C00160	CAS 79-14-1	255.8225065653548	24.9144304093777	48.0	9230.018352302086	1.0
165	zntR	F10	PM01	M9 minimal media no C source	R1	Glyoxylic acid	C00048	CAS 563-96-2	136.7317360480704	8.443768423076449	29.75	4172.321273967282	1.0
166	zntR	F11	PM01	M9 minimal media no C source	R1	D-Cellobiose	C00185	CAS 528-50-7	66.80982435576601	18.605374883445325	39.75	3003.486635860142	0.0
167	zntR	F12	PM01	M9 minimal media no C source	R1	Inosine	C00294	CAS 58-63-9	250.48580033330472	37.237283838372605	48.0	10191.64318354907	1.0
168	zntR	G01	PM01	M9 minimal media no C source	R1	Gly-Glu		CAS 7412-78-4	285.62745090099224	14.898150770554764	46.0	8702.798698910134	1.0
169	zntR	G02	PM01	M9 minimal media no C source	R1	Tricarballylic acid		CAS 99-14-9	53.182774423074385	11.819999859914905	33.5	2285.532962307226	0.0
170	zntR	G03	PM01	M9 minimal media no C source	R1	L-Serine	C00065	CAS 56-45-1	174.27522483326217	26.117297533591454	48.0	7279.817485902412	1.0
171	zntR	G04	PM01	M9 minimal media no C source	R1	L-Threonine	C00188	CAS 72-19-5	145.0804523134977	15.072022530785887	48.0	4244.293017078574	1.0
172	zntR	G05	PM01	M9 minimal media no C source	R1	L-Alanine	C00041	CAS 56-41-7	237.32276930768094	24.778722872891933	34.25	8933.028115998204	1.0
173	zntR	G06	PM01	M9 minimal media no C source	R1	Ala-Gly	notavailable	CAS 687-69-4	239.5752991922963	23.899055300662667	34.0	8934.945903917509	1.0
174	zntR	G07	PM01	M9 minimal media no C source	R1	Acetoacetic acid	C00164	CAS 3483-11-2	47.82350462980541	8.322196804178823	37.25	1991.439449914431	0.0
175	zntR	G08	PM01	M9 minimal media no C source	R1	N-Acetyl-D-Mannosamine	C00645	CAS 7772-94-3	197.35163427542037	28.792766506846515	48.0	8124.425416671118	1.0
176	zntR	G09	PM01	M9 minimal media no C source	R1	Mono-Methylsuccinate		CAS 3878-55-5	86.88390557978306	15.19828723662107	48.0	3564.968895255549	0.0
177	zntR	G10	PM01	M9 minimal media no C source	R1	Methylpyruvate		CAS 600-22-6	240.93079373556546	36.65842599179189	22.75	10329.576887712446	1.0
178	zntR	G11	PM01	M9 minimal media no C source	R1	D-Malic acid	C00497	CAS 636-61-3	211.26334829806683	18.051531048224604	38.5	7832.508635066262	1.0
179	zntR	G12	PM01	M9 minimal media no C source	R1	L-Malic acid	C00149	CAS 138-09-0	257.59307630905823	21.21104436365357	48.0	9229.103245161728	1.0
180	zntR	H01	PM01	M9 minimal media no C source	R1	Gly-Pro		CAS 704-15-4	304.62538829190197	24.792674585328314	45.5	10360.452641272817	1.0
181	zntR	H02	PM01	M9 minimal media no C source	R1	p-Hydroxyphenyl Acetic acid	C00642	CAS 156-38-7	40.927298048074974	5.983986430442073	32.5	1628.0641624489783	0.0
182	zntR	H03	PM01	M9 minimal media no C source	R1	m-Hydroxyphenyl Acetic acid	C05593	CAS 621-37-4	29.320930122086555	3.2653445381832995	48.0	1147.7325080388014	0.0
183	zntR	H04	PM01	M9 minimal media no C source	R1	Tyramine	C00483	CAS 60-19-5	41.21119560010242	4.186222560734002	48.0	1522.9267878632709	0.0
184	zntR	H05	PM01	M9 minimal media no C source	R1	D-Psicose	C06468	CAS 551-68-8	107.15166327403338	41.94829328961177	7.0	4646.149691648001	0.0
185	zntR	H06	PM01	M9 minimal media no C source	R1	L-Lyxose	C01508	CAS 1949-78-6	276.8989799610688	8.156161999999654	48.0	8446.69492310947	1.0
186	zntR	H07	PM01	M9 minimal media no C source	R1	Glucuronamide	D01791	CAS 3789-97-7	237.40430687099789	18.465332583750403	48.0	4607.129678815739	1.0
187	zntR	H08	PM01	M9 minimal media no C source	R1	Pyruvic acid	C00022	CAS 113-24-6	254.41161772765295	28.31005348838903	48.0	9760.143593780158	1.0
188	zntR	H09	PM01	M9 minimal media no C source	R1	L-Galactonic acid-g-Lactone	C01115	CAS 1668-08-2	256.91792901835566	33.596497725211975	48.0	9529.715332081067	1.0
189	zntR	H10	PM01	M9 minimal media no C source	R1	D-Galacturonic acid	C00333	CAS 91510-62-2	270.90007397455787	45.42955997725289	48.0	10920.378228373826	1.0
190	zntR	H11	PM01	M9 minimal media no C source	R1	Phenylethylamine	C05332	CAS 156-28-5	30.626350081729317	6.202258063724749	34.5	1309.7464113218848	0.0
191	zntR	H12	PM01	M9 minimal media no C source	R1	2-Aminoethanol	C00189	CAS 2002-24-6	37.268618817305914	2.892344518649253	32.25	1610.2671766736244	0.0
192	zntRALE	A01	PM01	M9 minimal media no C source	R1	Negative Control		CAS Negative Control	65.30745676441998	5.207379843571687	25.75	2740.8665511619624	0.0
193	zntRALE	A01	PM01	M9 minimal media no C source	R2	Negative Control		CAS Negative Control	40.87429520566887	5.941135555853684	48.0	1736.129656337132	0.0
194	zntRALE	A02	PM01	M9 minimal media no C source	R1	L-Arabinose	C00259	CAS 87-72-9	281.6818209392884	17.756780576921983	44.25	10046.389432520056	1.0
195	zntRALE	A02	PM01	M9 minimal media no C source	R2	L-Arabinose	C00259	CAS 87-72-9	292.4236929763704	21.902343192306603	43.75	10149.706811174092	1.0
196	zntRALE	A03	PM01	M9 minimal media no C source	R1	N-Acetyl-D-Glucosamine	C00140	CAS 7512-17-6	282.5669672019096	30.509794165119786	25.0	11556.246611347746	1.0
197	zntRALE	A03	PM01	M9 minimal media no C source	R2	N-Acetyl-D-Glucosamine	C00140	CAS 7512-17-6	279.8622210047943	30.999702381832037	25.5	11384.788598187526	1.0
198	zntRALE	A04	PM01	M9 minimal media no C source	R1	D-Saccharic acid	C00818	CAS 576-42-1	243.43436750960376	25.394274350331955	41.5	8982.623144459893	1.0
199	zntRALE	A04	PM01	M9 minimal media no C source	R2	D-Saccharic acid	C00818	CAS 576-42-1	233.30006975960433	27.27786609578456	37.25	8720.57367787691	1.0
200	zntRALE	A05	PM01	M9 minimal media no C source	R1	Succinic acid	C00042	CAS 6106-21-4	281.4186217369768	23.06423239390125	45.5	10588.886127386695	1.0
201	zntRALE	A05	PM01	M9 minimal media no C source	R2	Succinic acid	C00042	CAS 6106-21-4	275.0931210118668	25.539957169148693	48.0	10332.066516246237	1.0
202	zntRALE	A06	PM01	M9 minimal media no C source	R1	D-Galactose	C00124	CAS 59-23-4	251.38583981248803	26.073048436932993	34.25	9936.472783180714	1.0
203	zntRALE	A06	PM01	M9 minimal media no C source	R2	D-Galactose	C00124	CAS 59-23-4	250.10562600119508	28.90393658783421	48.0	9889.330362324814	1.0
204	zntRALE	A07	PM01	M9 minimal media no C source	R1	L-Aspartic acid	C00049	CAS 3792-50-5	284.76580018677066	17.005172662030162	45.75	9990.046496070569	1.0
205	zntRALE	A07	PM01	M9 minimal media no C source	R2	L-Aspartic acid	C00049	CAS 3792-50-5	282.4529927631557	19.53021108341892	45.5	9912.995677462719	1.0
206	zntRALE	A08	PM01	M9 minimal media no C source	R1	L-Proline	C00148	CAS 147-85-3	264.7657255763678	15.983151781488345	48.0	9141.107838049064	1.0
207	zntRALE	A08	PM01	M9 minimal media no C source	R2	L-Proline	C00148	CAS 147-85-3	262.71396605371353	15.382415021654282	45.25	8724.618545863943	1.0
208	zntRALE	A09	PM01	M9 minimal media no C source	R1	D-Alanine	C00133	CAS 338-69-2	256.42693768512356	22.837120475657912	47.5	9660.418821103085	1.0
209	zntRALE	A09	PM01	M9 minimal media no C source	R2	D-Alanine	C00133	CAS 338-69-2	250.66273088600826	22.583836128595976	45.25	9345.289526639295	1.0
210	zntRALE	A10	PM01	M9 minimal media no C source	R1	D-Trehalose	C01083	CAS 6138-23-4	238.54622597595016	26.952009628627764	31.0	9865.48716429974	1.0
211	zntRALE	A10	PM01	M9 minimal media no C source	R2	D-Trehalose	C01083	CAS 6138-23-4	234.74175085095038	30.317124085006697	31.75	9609.37426769581	1.0
212	zntRALE	A11	PM01	M9 minimal media no C source	R1	D-Mannose	C00159	CAS 3458-28-4	257.91918299518	23.79644776214093	28.25	10442.884295779619	1.0
213	zntRALE	A11	PM01	M9 minimal media no C source	R2	D-Mannose	C00159	CAS 3458-28-4	257.7722765624877	26.10355564305354	26.75	10328.450551409995	1.0
214	zntRALE	A12	PM01	M9 minimal media no C source	R1	Dulcitol	C01697	CAS 608-66-2	257.11056561537237	29.644161843870563	26.5	10217.168994994541	1.0
215	zntRALE	A12	PM01	M9 minimal media no C source	R2	Dulcitol	C01697	CAS 608-66-2	259.6064877259491	29.15274335781254	25.0	10181.875685430978	1.0
216	zntRALE	B01	PM01	M9 minimal media no C source	R1	D-Serine	C00740	CAS 312-84-5	209.9153793759191	30.604081718068585	45.75	8175.473596814354	1.0
217	zntRALE	B01	PM01	M9 minimal media no C source	R2	D-Serine	C00740	CAS 312-84-5	235.12041097003308	32.31955073510244	48.0	8557.869277353233	1.0
218	zntRALE	B02	PM01	M9 minimal media no C source	R1	D-Sorbitol	C00794	CAS 50-70-4	213.50043081729754	27.614050317405088	40.25	8744.203673689102	1.0
219	zntRALE	B02	PM01	M9 minimal media no C source	R2	D-Sorbitol	C00794	CAS 50-70-4	213.92876961506826	29.087090639906535	46.25	8837.247943284974	1.0
220	zntRALE	B03	PM01	M9 minimal media no C source	R1	Glycerol	C00116	CAS 56-81-5	248.4792635601466	36.51081084478551	48.0	9814.033760766473	1.0
221	zntRALE	B03	PM01	M9 minimal media no C source	R2	Glycerol	C00116	CAS 56-81-5	237.60553071015102	36.460800994784904	48.0	9448.855329445125	1.0
222	zntRALE	B04	PM01	M9 minimal media no C source	R1	L-Fucose	C01019	CAS 2438-80-4	290.8354395865246	23.681342292219256	30.75	11196.213436947588	1.0
223	zntRALE	B04	PM01	M9 minimal media no C source	R2	L-Fucose	C01019	CAS 2438-80-4	287.1024358365249	24.4838096215434	29.0	11066.998449390961	1.0
224	zntRALE	B05	PM01	M9 minimal media no C source	R1	D-Glucuronic acid	C00191	CAS 14984-34-0	306.7301674621358	43.65006979257038	48.0	12160.369256058042	1.0
225	zntRALE	B05	PM01	M9 minimal media no C source	R2	D-Glucuronic acid	C00191	CAS 14984-34-0	304.099470321118	45.18880665424098	46.75	11961.41212940464	1.0
226	zntRALE	B06	PM01	M9 minimal media no C source	R1	D-Gluconic acid	C00257	CAS 527-07-1	295.24852305745725	46.48418632773587	48.0	11814.631574586125	1.0
227	zntRALE	B06	PM01	M9 minimal media no C source	R2	D-Gluconic acid	C00257	CAS 527-07-1	297.5011393932168	49.29873096875366	46.25	11868.125917067853	1.0
228	zntRALE	B07	PM01	M9 minimal media no C source	R1	DL-a-Glycerol Phosphate	C00093	CAS 3325-00-6	276.90700808171755	37.88380531746009	28.75	10877.221612955564	1.0
229	zntRALE	B07	PM01	M9 minimal media no C source	R2	DL-a-Glycerol Phosphate	C00093	CAS 3325-00-6	272.4275291778715	39.56370897063391	26.25	10668.82153237168	1.0
230	zntRALE	B08	PM01	M9 minimal media no C source	R1	D-Xylose	C00181	CAS 58-86-6	293.5735855661228	29.610155783101277	48.0	11717.51766602652	1.0
231	zntRALE	B08	PM01	M9 minimal media no C source	R2	D-Xylose	C00181	CAS 58-86-6	280.2386762557838	32.11575616815776	48.0	11236.586601000901	1.0
232	zntRALE	B09	PM01	M9 minimal media no C source	R1	L-Lactic acid	C00186	CAS 50-21-5	276.2272286778715	26.44565977399668	36.75	10184.94094827423	1.0
233	zntRALE	B09	PM01	M9 minimal media no C source	R2	L-Lactic acid	C00186	CAS 50-21-5	254.4042943326485	26.15106347125021	43.25	9401.46823889458	1.0
234	zntRALE	B10	PM01	M9 minimal media no C source	R1	Formic acid	C00058	CAS 141-53-7	42.60585721153643	3.716282801770923	25.5	1798.6958987799426	0.0
235	zntRALE	B10	PM01	M9 minimal media no C source	R2	Formic acid	C00058	CAS 141-53-7	39.567585211536574	4.140544995705355	31.75	1662.4749918898149	0.0
236	zntRALE	B11	PM01	M9 minimal media no C source	R1	D-Mannitol	C00392	CAS 69-65-8	249.5009221922959	20.34302438671839	26.75	9884.661313615987	1.0
237	zntRALE	B11	PM01	M9 minimal media no C source	R2	D-Mannitol	C00392	CAS 69-65-8	256.50860722594933	20.94251953197454	30.25	10140.910753904514	1.0
238	zntRALE	B12	PM01	M9 minimal media no C source	R1	L-Glutamic acid	C00025	CAS 142-47-2	67.24747140492494	10.418092624242703	47.25	2741.0539470211966	0.0
239	zntRALE	B12	PM01	M9 minimal media no C source	R2	L-Glutamic acid	C00025	CAS 142-47-2	64.97968242670531	11.432963627993992	48.0	2622.3123251373463	0.0
240	zntRALE	C01	PM01	M9 minimal media no C source	R1	D-Glucose-6-Phosphate	C00092	CAS 3671-99-6	276.9302264951942	48.41181052022739	44.0	11541.144858799038	1.0
241	zntRALE	C01	PM01	M9 minimal media no C source	R2	D-Glucose-6-Phosphate	C00092	CAS 3671-99-6	270.17944775548517	47.20030987345058	48.0	11194.548934081586	1.0
242	zntRALE	C02	PM01	M9 minimal media no C source	R1	D-Galactonic acid-g-Lactone	C03383	CAS 2782-07-2	261.9424533475567	20.65867309109177	44.75	9464.994531061633	1.0
243	zntRALE	C02	PM01	M9 minimal media no C source	R2	D-Galactonic acid-g-Lactone	C03383	CAS 2782-07-2	249.66504957691123	22.45684770430836	28.75	9213.837106353682	1.0
244	zntRALE	C03	PM01	M9 minimal media no C source	R1	DL-Malic acid	D04843	CAS 6915-15-7	285.1923624955186	24.920953511580763	46.5	9968.910060973598	1.0
245	zntRALE	C03	PM01	M9 minimal media no C source	R2	DL-Malic acid	D04843	CAS 6915-15-7	293.289690044224	22.945358949772526	48.0	10018.992838983933	1.0
246	zntRALE	C04	PM01	M9 minimal media no C source	R1	D-Ribose	C00121	CAS 50-69-1	240.2951827915275	24.132419019667395	45.75	10099.226712255804	1.0
247	zntRALE	C04	PM01	M9 minimal media no C source	R2	D-Ribose	C00121	CAS 50-69-1	241.22097442577464	27.842151620680056	46.25	10192.739790273932	1.0
248	zntRALE	C05	PM01	M9 minimal media no C source	R1	Tween 20	C11624	CAS 9005-64-5	69.125561546316	9.14622128568422	48.0	2834.979597783112	0.0
249	zntRALE	C05	PM01	M9 minimal media no C source	R2	Tween 20	C11624	CAS 9005-64-5	60.039719575514376	8.668783554645273	48.0	2524.3573069397976	0.0
250	zntRALE	C06	PM01	M9 minimal media no C source	R1	L-Rhamnose	C00507	CAS 3615-41-6	281.99782090566015	14.906203134614543	48.0	8130.41337606699	1.0
251	zntRALE	C06	PM01	M9 minimal media no C source	R2	L-Rhamnose	C00507	CAS 3615-41-6	269.8251723264746	15.515806615383894	48.0	7629.107974080956	1.0
252	zntRALE	C07	PM01	M9 minimal media no C source	R1	D-Fructose	C00095	CAS 57-48-7	252.47992220191105	21.448560998441565	36.75	9558.311981077992	1.0
253	zntRALE	C07	PM01	M9 minimal media no C source	R2	D-Fructose	C00095	CAS 57-48-7	252.45089076921877	22.565836974673573	35.0	9554.022815199194	1.0
254	zntRALE	C08	PM01	M9 minimal media no C source	R1	Acetic acid	C00033	CAS 127-09-3	221.42078611354893	19.4341491251476	48.0	7657.119559109032	1.0
255	zntRALE	C08	PM01	M9 minimal media no C source	R2	Acetic acid	C00033	CAS 127-09-3	219.2755929681549	21.189691211752432	48.0	7584.266418166813	1.0
256	zntRALE	C09	PM01	M9 minimal media no C source	R1	a-D-Glucose	C00031	CAS 50-99-7	277.761822995179	31.617188465360755	34.25	11194.23757569846	1.0
257	zntRALE	C09	PM01	M9 minimal media no C source	R2	a-D-Glucose	C00031	CAS 50-99-7	284.29192281248646	35.25720133812996	33.75	11476.688416674073	1.0
258	zntRALE	C10	PM01	M9 minimal media no C source	R1	Maltose	C00208	CAS 6363-53-7	248.5980669951805	27.908200868028075	40.75	9476.206168791345	1.0
259	zntRALE	C10	PM01	M9 minimal media no C source	R2	Maltose	C00208	CAS 6363-53-7	261.36184364421825	30.07372803507127	34.5	10084.946061892406	1.0
260	zntRALE	C11	PM01	M9 minimal media no C source	R1	D-Melibiose	C05402	CAS 585-99-9	245.7469752200119	18.49418380769157	48.0	7486.303492302959	1.0
261	zntRALE	C11	PM01	M9 minimal media no C source	R2	D-Melibiose	C05402	CAS 585-99-9	256.79093820609575	18.079304365383678	48.0	7562.699773000485	1.0
262	zntRALE	C12	PM01	M9 minimal media no C source	R1	Thymidine	C00214	CAS 50-89-5	236.06957827883488	24.631216324438412	34.0	9452.204819271494	1.0
263	zntRALE	C12	PM01	M9 minimal media no C source	R2	Thymidine	C00214	CAS 50-89-5	249.28750614421887	28.40860991631581	30.5	9976.970957907437	1.0
264	zntRALE	D01	PM01	M9 minimal media no C source	R1	L-Asparagine	C00152	CAS 70-47-3	288.53344470900413	17.769961249999255	44.75	9992.326672480165	1.0
265	zntRALE	D01	PM01	M9 minimal media no C source	R2	L-Asparagine	C00152	CAS 70-47-3	291.5046200334667	17.01850890384526	48.0	9925.983615470763	1.0
266	zntRALE	D02	PM01	M9 minimal media no C source	R1	D-Aspartic acid	C00402	CAS 1783-96-6	29.291300697113993	2.3834107672443423	26.5	1216.5300187147664	0.0
267	zntRALE	D02	PM01	M9 minimal media no C source	R2	D-Aspartic acid	C00402	CAS 1783-96-6	28.39340308653711	2.2063254004237223	31.75	1191.8664335308688	0.0
268	zntRALE	D03	PM01	M9 minimal media no C source	R1	D-Glucosaminic acid	C03752	CAS 3646-68-2	46.35728496952105	6.127994199084554	48.0	1913.9632214374103	0.0
269	zntRALE	D03	PM01	M9 minimal media no C source	R2	D-Glucosaminic acid	C03752	CAS 3646-68-2	44.538527236842526	4.8156058738154	45.0	1875.8633427975174	0.0
270	zntRALE	D04	PM01	M9 minimal media no C source	R1	1,2-Propanediol	C00583	CAS 57-55-6	41.897790326921076	5.462024692745011	25.75	1829.4812242314715	0.0
271	zntRALE	D04	PM01	M9 minimal media no C source	R2	1,2-Propanediol	C00583	CAS 57-55-6	48.983498312497666	7.716949656286289	25.25	2116.976501136832	0.0
272	zntRALE	D05	PM01	M9 minimal media no C source	R1	Tween 40	D05566	CAS 9005-66-7	49.56358648134548	5.904210282807668	48.0	2061.308257683965	0.0
273	zntRALE	D05	PM01	M9 minimal media no C source	R2	Tween 40	D05566	CAS 9005-66-7	59.826280574062935	7.7563466353573745	48.0	2479.375598924279	0.0
274	zntRALE	D06	PM01	M9 minimal media no C source	R1	a-Ketoglutaric acid	C00026	CAS 22202-68-2	289.3428811730311	25.605609529328092	46.0	10357.746573358523	1.0
275	zntRALE	D06	PM01	M9 minimal media no C source	R2	a-Ketoglutaric acid	C00026	CAS 22202-68-2	280.85867967728154	23.870116442948756	48.0	10158.81106053331	1.0
276	zntRALE	D07	PM01	M9 minimal media no C source	R1	a-Ketobutyric acid	C00109	CAS 2013-26-5	185.18387999999118	25.80150844518056	37.25	7120.79809904049	1.0
277	zntRALE	D07	PM01	M9 minimal media no C source	R2	a-Ketobutyric acid	C00109	CAS 2013-26-5	176.15581754806854	25.49618740429017	36.5	6905.662739213704	1.0
278	zntRALE	D08	PM01	M9 minimal media no C source	R1	a-Methyl-D-Galactoside		CAS 3396-99-4	254.60181566874402	29.94429070968073	48.0	9334.610618088915	1.0
279	zntRALE	D08	PM01	M9 minimal media no C source	R2	a-Methyl-D-Galactoside		CAS 3396-99-4	232.30735686228948	31.224376843827542	48.0	9076.45579028509	1.0
280	zntRALE	D09	PM01	M9 minimal media no C source	R1	a-D-Lactose	C00243	CAS 5989-81-1	256.30128586430664	22.240238846152806	45.0	8721.187400639395	1.0
281	zntRALE	D09	PM01	M9 minimal media no C source	R2	a-D-Lactose	C00243	CAS 5989-81-1	272.65609960575614	24.507569230768013	37.25	9756.659275378806	1.0
282	zntRALE	D10	PM01	M9 minimal media no C source	R1	Lactulose	C07064	CAS 4618-18-2	53.87273085756713	8.49174432009086	44.5	2249.1933372901976	0.0
283	zntRALE	D10	PM01	M9 minimal media no C source	R2	Lactulose	C07064	CAS 4618-18-2	57.531341500915595	8.037668989035357	44.5	2414.754589890401	0.0
284	zntRALE	D11	PM01	M9 minimal media no C source	R1	Sucrose	C00089	CAS 57-50-1	46.39011409498408	7.357435299971922	45.5	1953.619243173632	0.0
285	zntRALE	D11	PM01	M9 minimal media no C source	R2	Sucrose	C00089	CAS 57-50-1	49.2278368234832	7.626701567872406	44.0	2066.7298330590766	0.0
286	zntRALE	D12	PM01	M9 minimal media no C source	R1	Uridine	C00299	CAS 58-96-8	254.39918793268035	21.31390537158444	40.0	9771.998935236756	1.0
287	zntRALE	D12	PM01	M9 minimal media no C source	R2	Uridine	C00299	CAS 58-96-8	254.07965636537247	21.984538089493697	34.75	9865.736733588805	1.0
288	zntRALE	E01	PM01	M9 minimal media no C source	R1	L-Glutamine	C00064	CAS 56-85-9	195.80559039938518	13.277051067556165	48.0	4760.4567575861765	1.0
289	zntRALE	E01	PM01	M9 minimal media no C source	R2	L-Glutamine	C00064	CAS 56-85-9	207.22739042397325	13.478087166918982	48.0	4826.359690258528	1.0
290	zntRALE	E02	PM01	M9 minimal media no C source	R1	m-Tartaric acid	C00552	CAS 147-73-9	244.20600470191135	17.16139808187563	41.5	7854.827368856615	1.0
291	zntRALE	E02	PM01	M9 minimal media no C source	R2	m-Tartaric acid	C00552	CAS 147-73-9	226.50209153845074	16.571613403940574	36.25	7449.563163421102	1.0
292	zntRALE	E03	PM01	M9 minimal media no C source	R1	D-Glucose-1-Phosphate	C00103	CAS 56401-20-8	289.4377613209252	23.924069363121703	48.0	11098.40511851792	1.0
293	zntRALE	E03	PM01	M9 minimal media no C source	R2	D-Glucose-1-Phosphate	C00103	CAS 56401-20-8	270.4442092152003	24.432881793785636	44.75	10536.478736595454	1.0
294	zntRALE	E04	PM01	M9 minimal media no C source	R1	D-Fructose-6-Phosphate	C00085	CAS 26177-86-6	308.7216584408559	41.390612365312506	43.25	12097.596115155491	1.0
295	zntRALE	E04	PM01	M9 minimal media no C source	R2	D-Fructose-6-Phosphate	C00085	CAS 26177-86-6	293.1126814575254	40.9145620691163	48.0	11516.884732818948	1.0
296	zntRALE	E05	PM01	M9 minimal media no C source	R1	Tween 80	C11625	CAS 9005-65-6	37.35095108172899	4.366419290897269	25.5	1601.3057911418377	0.0
297	zntRALE	E05	PM01	M9 minimal media no C source	R2	Tween 80	C11625	CAS 9005-65-6	48.68844709615153	6.1292320450741045	25.25	2069.1854065818507	0.0
298	zntRALE	E06	PM01	M9 minimal media no C source	R1	a-Hydroxyglutaric acid-g-Lactone		CAS 21461-84-7	51.11450156730525	5.7821433386591075	36.75	2200.583460260342	0.0
299	zntRALE	E06	PM01	M9 minimal media no C source	R2	a-Hydroxyglutaric acid-g-Lactone		CAS 21461-84-7	58.218398970441825	9.519980629650956	47.25	2505.0658055807075	0.0
300	zntRALE	E07	PM01	M9 minimal media no C source	R1	a-Hydroxybutyric acid	C05984	CAS 19054-57-0	212.5611210128915	23.09907705005196	48.0	8000.371987356103	1.0
301	zntRALE	E07	PM01	M9 minimal media no C source	R2	a-Hydroxybutyric acid	C05984	CAS 19054-57-0	194.5458449230677	22.587957087019788	37.25	7544.030502923636	1.0
302	zntRALE	E08	PM01	M9 minimal media no C source	R1	b-Methyl-D-Glucoside		CAS 709-50-2	222.40444388035965	24.871045093247005	47.0	8603.339296435814	1.0
303	zntRALE	E08	PM01	M9 minimal media no C source	R2	b-Methyl-D-Glucoside		CAS 709-50-2	225.66696167114742	26.26458125635071	47.0	8828.710925262909	1.0
304	zntRALE	E09	PM01	M9 minimal media no C source	R1	Adonitol	C00474	CAS 488-81-3	50.37157260093123	6.624533576612041	44.75	2173.0905868890127	0.0
305	zntRALE	E09	PM01	M9 minimal media no C source	R2	Adonitol	C00474	CAS 488-81-3	52.413864110574444	9.303510482160902	26.5	2265.7938323281423	0.0
306	zntRALE	E10	PM01	M9 minimal media no C source	R1	Maltotriose	C01835	CAS 1109-28-0	264.29894047114135	28.71676124382984	33.25	10665.644150790713	1.0
307	zntRALE	E10	PM01	M9 minimal media no C source	R2	Maltotriose	C01835	CAS 1109-28-0	253.31219529806486	31.36462691173414	31.25	10332.95033664156	1.0
308	zntRALE	E11	PM01	M9 minimal media no C source	R1	2`-Deoxyadenosine	C00559	CAS 16373-93-6	250.3474097737555	24.761872621914677	48.0	9593.368294744705	1.0
309	zntRALE	E11	PM01	M9 minimal media no C source	R2	2`-Deoxyadenosine	C00559	CAS 16373-93-6	237.6532112644117	24.269257649357314	26.25	9311.191454514385	1.0
310	zntRALE	E12	PM01	M9 minimal media no C source	R1	Adenosine	C00212	CAS 58-61-7	233.32627005287344	35.095391937341276	23.75	9553.965653877967	1.0
311	zntRALE	E12	PM01	M9 minimal media no C source	R2	Adenosine	C00212	CAS 58-61-7	233.58779715383497	36.13058238542237	37.0	9621.924171304676	1.0
312	zntRALE	F01	PM01	M9 minimal media no C source	R1	Gly-Asp	C02871	CAS 4685-12-5	272.9107900993591	27.036626952455492	47.75	10168.660998369289	1.0
313	zntRALE	F01	PM01	M9 minimal media no C source	R2	Gly-Asp	C02871	CAS 4685-12-5	266.5277241967043	24.449827534649614	48.0	9911.225817888997	1.0
314	zntRALE	F02	PM01	M9 minimal media no C source	R1	Citric acid	C00158	CAS 6132-04-3	35.62186337980602	6.392303620641279	25.75	1543.2831370631757	0.0
315	zntRALE	F02	PM01	M9 minimal media no C source	R2	Citric acid	C00158	CAS 6132-04-3	40.06674760576732	9.202583765256438	15.0	1730.0678928329462	0.0
316	zntRALE	F03	PM01	M9 minimal media no C source	R1	m-Inositol	C00137	CAS 87-89-8	41.8003718221134	5.24718503626703	28.75	1795.8918410802098	0.0
317	zntRALE	F03	PM01	M9 minimal media no C source	R2	m-Inositol	C00137	CAS 87-89-8	47.04095615384391	9.422890050859213	37.25	2067.720206437603	0.0
318	zntRALE	F04	PM01	M9 minimal media no C source	R1	D-Threonine	C00820	CAS 632-20-2	81.67130898010755	6.723182496181948	48.0	2975.387809260919	0.0
319	zntRALE	F04	PM01	M9 minimal media no C source	R2	D-Threonine	C00820	CAS 632-20-2	81.0503594230731	7.4696489132481645	35.5	3068.3383744036682	0.0
320	zntRALE	F05	PM01	M9 minimal media no C source	R1	Fumaric acid	C00122	CAS 17013-01-3	294.38265449329765	23.481380357586602	48.0	9812.762985703052	1.0
321	zntRALE	F05	PM01	M9 minimal media no C source	R2	Fumaric acid	C00122	CAS 17013-01-3	289.4142908590453	22.136710457419838	48.0	9875.721475458278	1.0
322	zntRALE	F06	PM01	M9 minimal media no C source	R1	Bromosuccinic acid		CAS 923-06-8	299.00347154751097	20.204212809485057	48.0	9760.974228527515	1.0
323	zntRALE	F06	PM01	M9 minimal media no C source	R2	Bromosuccinic acid		CAS 923-06-8	290.33761881635763	21.653455570980668	48.0	9721.694390714369	1.0
324	zntRALE	F07	PM01	M9 minimal media no C source	R1	Propionic acid	C00163	CAS 137-40-6	256.3432239789722	14.889156396935505	47.25	7797.941182953756	1.0
325	zntRALE	F07	PM01	M9 minimal media no C source	R2	Propionic acid	C00163	CAS 137-40-6	236.4006663762313	14.123251496234161	46.25	7308.427559446596	1.0
326	zntRALE	F08	PM01	M9 minimal media no C source	R1	Mucic acid	C01807	CAS 526-99-8	290.40029333800044	34.44730719255756	48.0	10786.994219808284	1.0
327	zntRALE	F08	PM01	M9 minimal media no C source	R2	Mucic acid	C01807	CAS 526-99-8	269.6901072360347	36.45598952576131	46.5	10383.562012774337	1.0
328	zntRALE	F09	PM01	M9 minimal media no C source	R1	Glycolic acid	C00160	CAS 79-14-1	242.05962538010604	19.31419996541456	47.0	7415.8291040259355	1.0
329	zntRALE	F09	PM01	M9 minimal media no C source	R2	Glycolic acid	C00160	CAS 79-14-1	217.6137309942797	15.922599923022375	48.0	6752.266259099998	1.0
330	zntRALE	F10	PM01	M9 minimal media no C source	R1	Glyoxylic acid	C00048	CAS 563-96-2	35.48404401707503	2.6062566085478664	48.0	1371.3068782994587	0.0
331	zntRALE	F10	PM01	M9 minimal media no C source	R2	Glyoxylic acid	C00048	CAS 563-96-2	44.99251681618714	3.270106808139815	48.0	1600.4186695514522	0.0
332	zntRALE	F11	PM01	M9 minimal media no C source	R1	D-Cellobiose	C00185	CAS 528-50-7	84.84459323076518	20.791193793883263	25.75	3792.8371595401213	0.0
333	zntRALE	F11	PM01	M9 minimal media no C source	R2	D-Cellobiose	C00185	CAS 528-50-7	88.99091904326501	19.76489859270264	26.75	3951.442776564778	0.0
334	zntRALE	F12	PM01	M9 minimal media no C source	R1	Inosine	C00294	CAS 58-63-9	264.2619277862728	31.74727515524137	44.75	10607.352122902805	1.0
335	zntRALE	F12	PM01	M9 minimal media no C source	R2	Inosine	C00294	CAS 58-63-9	264.99711712498737	32.69223260650534	30.25	10731.803296307313	1.0
336	zntRALE	G01	PM01	M9 minimal media no C source	R1	Gly-Glu		CAS 7412-78-4	286.57847460326974	27.11564484389089	46.0	10050.760314838773	1.0
337	zntRALE	G01	PM01	M9 minimal media no C source	R2	Gly-Glu		CAS 7412-78-4	270.821051493554	22.14480480388272	48.0	9426.037721203154	1.0
338	zntRALE	G02	PM01	M9 minimal media no C source	R1	Tricarballylic acid		CAS 99-14-9	44.95058827884401	6.869459732339948	37.0	1940.05070293772	0.0
339	zntRALE	G02	PM01	M9 minimal media no C source	R2	Tricarballylic acid		CAS 99-14-9	51.767495379805226	10.683653193991649	24.5	2270.0927706783095	0.0
340	zntRALE	G03	PM01	M9 minimal media no C source	R1	L-Serine	C00065	CAS 56-45-1	192.3281245889572	35.4388219322629	45.75	7726.827505908391	1.0
341	zntRALE	G03	PM01	M9 minimal media no C source	R2	L-Serine	C00065	CAS 56-45-1	188.15176361478677	36.374562428290574	48.0	7835.992396729069	1.0
342	zntRALE	G04	PM01	M9 minimal media no C source	R1	L-Threonine	C00188	CAS 72-19-5	194.53309448076	23.785596622846867	37.5	7400.348807983793	1.0
343	zntRALE	G04	PM01	M9 minimal media no C source	R2	L-Threonine	C00188	CAS 72-19-5	198.19188975960597	22.35696552535802	32.5	7660.552727973074	1.0
344	zntRALE	G05	PM01	M9 minimal media no C source	R1	L-Alanine	C00041	CAS 56-41-7	256.4753527420306	22.996591585757557	46.5	8910.976916756914	1.0
345	zntRALE	G05	PM01	M9 minimal media no C source	R2	L-Alanine	C00041	CAS 56-41-7	249.26062451327587	20.4174298608944	48.0	8995.54393906939	1.0
346	zntRALE	G06	PM01	M9 minimal media no C source	R1	Ala-Gly	notavailable	CAS 687-69-4	259.7933271490261	22.684780400761184	38.25	9086.752971791531	1.0
347	zntRALE	G06	PM01	M9 minimal media no C source	R2	Ala-Gly	notavailable	CAS 687-69-4	249.02681395671888	21.32766256628804	37.75	9072.630745447019	1.0
348	zntRALE	G07	PM01	M9 minimal media no C source	R1	Acetoacetic acid	C00164	CAS 3483-11-2	49.0347119903823	7.137872913471199	20.5	2095.285775229258	0.0
349	zntRALE	G07	PM01	M9 minimal media no C source	R2	Acetoacetic acid	C00164	CAS 3483-11-2	68.1801929903814	9.666670084946333	17.5	2956.4826105445727	0.0
350	zntRALE	G08	PM01	M9 minimal media no C source	R1	N-Acetyl-D-Mannosamine	C00645	CAS 7772-94-3	232.52207039667394	30.641453127853367	47.75	9087.015569456922	1.0
351	zntRALE	G08	PM01	M9 minimal media no C source	R2	N-Acetyl-D-Mannosamine	C00645	CAS 7772-94-3	233.1638339896207	28.086422988094853	47.5	9164.35736731899	1.0
352	zntRALE	G09	PM01	M9 minimal media no C source	R1	Mono-Methylsuccinate		CAS 3878-55-5	74.8948666452659	10.909463857473185	48.0	3190.278270319912	0.0
353	zntRALE	G09	PM01	M9 minimal media no C source	R2	Mono-Methylsuccinate		CAS 3878-55-5	82.33159544267052	12.139218483561756	48.0	3491.954776331811	0.0
354	zntRALE	G10	PM01	M9 minimal media no C source	R1	Methylpyruvate		CAS 600-22-6	216.08152658652824	36.79053948363128	23.5	8845.337604460545	1.0
355	zntRALE	G10	PM01	M9 minimal media no C source	R2	Methylpyruvate		CAS 600-22-6	197.6943374519137	33.622500788774346	25.5	8353.40250931378	1.0
356	zntRALE	G11	PM01	M9 minimal media no C source	R1	D-Malic acid	C00497	CAS 636-61-3	259.9807888400921	14.22247312936679	48.0	8733.37285481636	1.0
357	zntRALE	G11	PM01	M9 minimal media no C source	R2	D-Malic acid	C00497	CAS 636-61-3	257.6654733868349	13.03124575457025	48.0	8610.216017945782	1.0
358	zntRALE	G12	PM01	M9 minimal media no C source	R1	L-Malic acid	C00149	CAS 138-09-0	255.4281921185006	20.090476627132375	48.0	9401.14454909178	1.0
359	zntRALE	G12	PM01	M9 minimal media no C source	R2	L-Malic acid	C00149	CAS 138-09-0	268.1183165835605	21.740384519710005	45.25	10105.804715252416	1.0
360	zntRALE	H01	PM01	M9 minimal media no C source	R1	Gly-Pro		CAS 704-15-4	309.9726790293777	27.429564848795792	47.75	10991.11832884833	1.0
361	zntRALE	H01	PM01	M9 minimal media no C source	R2	Gly-Pro		CAS 704-15-4	309.623814539059	24.8922551398677	48.0	11037.924782005175	1.0
362	zntRALE	H02	PM01	M9 minimal media no C source	R1	p-Hydroxyphenyl Acetic acid	C00642	CAS 156-38-7	49.48849455288228	4.485258653922642	25.75	1955.933880935051	0.0
363	zntRALE	H02	PM01	M9 minimal media no C source	R2	p-Hydroxyphenyl Acetic acid	C00642	CAS 156-38-7	43.861637235574825	5.44837572458303	17.75	1976.9035922228481	0.0
364	zntRALE	H03	PM01	M9 minimal media no C source	R1	m-Hydroxyphenyl Acetic acid	C05593	CAS 621-37-4	33.87774581730607	3.4032182235623054	26.5	1413.405967699572	0.0
365	zntRALE	H03	PM01	M9 minimal media no C source	R2	m-Hydroxyphenyl Acetic acid	C05593	CAS 621-37-4	42.71891262499798	5.062661049975873	14.0	1922.7129851445193	0.0
366	zntRALE	H04	PM01	M9 minimal media no C source	R1	Tyramine	C00483	CAS 60-19-5	34.88502474038296	2.670328911092639	33.0	1399.6828549299103	0.0
367	zntRALE	H04	PM01	M9 minimal media no C source	R2	Tyramine	C00483	CAS 60-19-5	40.29632245192116	10.238325719094568	15.0	1814.7113918433874	0.0
368	zntRALE	H05	PM01	M9 minimal media no C source	R1	D-Psicose	C06468	CAS 551-68-8	91.46858693268797	26.877096562305532	7.5	4031.453077669678	0.0
369	zntRALE	H05	PM01	M9 minimal media no C source	R2	D-Psicose	C06468	CAS 551-68-8	101.19356900480288	27.031593505489205	10.5	4383.385091198334	0.0
370	zntRALE	H06	PM01	M9 minimal media no C source	R1	L-Lyxose	C01508	CAS 1949-78-6	265.2488782515153	9.341206903846	48.0	7219.167401588464	1.0
371	zntRALE	H06	PM01	M9 minimal media no C source	R2	L-Lyxose	C01508	CAS 1949-78-6	254.34227396841112	9.462838999999235	48.0	7112.420161558325	1.0
372	zntRALE	H07	PM01	M9 minimal media no C source	R1	Glucuronamide	D01791	CAS 3789-97-7	77.13046657184321	10.3353294020772	48.0	2644.154800768917	0.0
373	zntRALE	H07	PM01	M9 minimal media no C source	R2	Glucuronamide	D01791	CAS 3789-97-7	85.41600951967892	11.747715754307507	48.0	3214.27817179037	0.0
374	zntRALE	H08	PM01	M9 minimal media no C source	R1	Pyruvic acid	C00022	CAS 113-24-6	239.8440256386034	27.733049661839743	45.5	8880.28465371611	1.0
375	zntRALE	H08	PM01	M9 minimal media no C source	R2	Pyruvic acid	C00022	CAS 113-24-6	251.38188133222727	26.75748415947146	45.0	9537.976433002383	1.0
376	zntRALE	H09	PM01	M9 minimal media no C source	R1	L-Galactonic acid-g-Lactone	C01115	CAS 1668-08-2	252.68311455442657	36.012994209150065	48.0	9708.691560540668	1.0
377	zntRALE	H09	PM01	M9 minimal media no C source	R2	L-Galactonic acid-g-Lactone	C01115	CAS 1668-08-2	269.95265703523	38.51898399832663	45.75	10649.984852989799	1.0
378	zntRALE	H10	PM01	M9 minimal media no C source	R1	D-Galacturonic acid	C00333	CAS 91510-62-2	258.0056844086415	42.38260785290538	25.25	10464.716694255801	1.0
379	zntRALE	H10	PM01	M9 minimal media no C source	R2	D-Galacturonic acid	C00333	CAS 91510-62-2	290.487311003892	39.37688369831233	44.25	11389.676822148644	1.0
380	zntRALE	H11	PM01	M9 minimal media no C source	R1	Phenylethylamine	C05332	CAS 156-28-5	30.356188240383172	4.597663154806185	15.25	1338.198387427306	0.0
381	zntRALE	H11	PM01	M9 minimal media no C source	R2	Phenylethylamine	C05332	CAS 156-28-5	42.241585634613365	3.5202272079339565	22.5	1909.5439550575134	0.0
382	zntRALE	H12	PM01	M9 minimal media no C source	R1	2-Aminoethanol	C00189	CAS 2002-24-6	38.610580971152	2.1330235871881484	24.25	1735.0110541009076	0.0
383	zntRALE	H12	PM01	M9 minimal media no C source	R2	2-Aminoethanol	C00189	CAS 2002-24-6	49.74913603845919	1.612721973038859	26.0	2184.3872730151434	0.0
